item_id,category_id,price,stock,description
I00001,Chicken,26715,417,Tasty Vegan
I00002,Chicken,39397,408,Tasty Noodles
I00003,Seafood,25650,245,Tasty Snack
I00004,Coffee,27303,152,Tasty Coffee
I00005,Bakso,55076,244,Tasty Dessert
I00006,Dessert,15036,142,Tasty Coffee
I00007,Noodles,49079,442,Tasty Bakso
I00008,Bakso,51250,521,Tasty Chicken
I00009,Beverage,55286,541,Tasty Coffee
I00010,Rice,61820,543,Tasty Vegan
I00011,Chicken,46188,203,Tasty Seafood
I00012,Chicken,34310,98,Tasty Vegan
I00013,Coffee,146804,353,Tasty Snack
I00014,Coffee,42249,531,Tasty Dessert
I00015,Noodles,148321,474,Tasty Coffee
I00016,Noodles,121308,474,Tasty Rice
I00017,Coffee,121730,498,Tasty Dessert
I00018,Coffee,41966,285,Tasty Beverage
I00019,Rice,56830,338,Tasty Vegan
I00020,Bakso,51895,540,Tasty Vegan
I00021,Rice,132774,519,Tasty Chicken
I00022,Noodles,30569,283,Tasty Bakso
I00023,Rice,16113,387,Tasty Seafood
I00024,Noodles,123386,140,Tasty Rice
I00025,Beverage,49712,425,Tasty Noodles
I00026,Beverage,29344,475,Tasty Noodles
I00027,Dessert,47090,140,Tasty Beverage
I00028,Noodles,45299,301,Tasty Beverage
I00029,Dessert,58113,592,Tasty Vegan
I00030,Bakso,21251,443,Tasty Snack
I00031,Vegan,47102,292,Tasty Vegan
I00032,Vegan,53690,258,Tasty Chicken
I00033,Noodles,31899,164,Tasty Bakso
I00034,Noodles,44050,229,Tasty Bakso
I00035,Beverage,58720,121,Tasty Snack
I00036,Chicken,24419,297,Tasty Beverage
I00037,Seafood,33084,245,Tasty Vegan
I00038,Bakso,41700,548,Tasty Rice
I00039,Noodles,76351,423,Tasty Dessert
I00040,Snack,139036,456,Tasty Rice
I00041,Beverage,57617,180,Tasty Chicken
I00042,Rice,111902,512,Tasty Seafood
I00043,Bakso,52753,550,Tasty Seafood
I00044,Chicken,30035,87,Tasty Beverage
I00045,Rice,21250,224,Tasty Snack
I00046,Noodles,51867,330,Tasty Noodles
I00047,Noodles,45764,165,Tasty Chicken
I00048,Chicken,17781,511,Tasty Coffee
I00049,Beverage,15444,459,Tasty Vegan
I00050,Vegan,44286,481,Tasty Rice
I00051,Snack,39650,137,Tasty Vegan
I00052,Chicken,56261,222,Tasty Beverage
I00053,Chicken,37489,240,Tasty Bakso
I00054,Bakso,36951,524,Tasty Dessert
I00055,Bakso,28965,474,Tasty Rice
I00056,Noodles,28570,502,Tasty Bakso
I00057,Vegan,118777,359,Tasty Chicken
I00058,Chicken,34196,362,Tasty Coffee
I00059,Noodles,54460,433,Tasty Seafood
I00060,Chicken,21637,234,Tasty Snack
I00061,Noodles,93168,334,Tasty Vegan
I00062,Chicken,45878,551,Tasty Snack
I00063,Vegan,46528,532,Tasty Dessert
I00064,Beverage,16732,118,Tasty Beverage
I00065,Chicken,58392,224,Tasty Beverage
I00066,Bakso,18014,182,Tasty Coffee
I00067,Seafood,59495,118,Tasty Dessert
I00068,Coffee,77689,120,Tasty Noodles
I00069,Rice,39472,457,Tasty Beverage
I00070,Coffee,108652,200,Tasty Rice
I00071,Rice,66095,317,Tasty Coffee
I00072,Snack,35006,145,Tasty Snack
I00073,Rice,27241,378,Tasty Coffee
I00074,Snack,43174,515,Tasty Vegan
I00075,Chicken,65097,267,Tasty Coffee
I00076,Vegan,53138,522,Tasty Dessert
I00077,Chicken,33565,389,Tasty Dessert
I00078,Coffee,54972,406,Tasty Rice
I00079,Seafood,37464,121,Tasty Vegan
I00080,Snack,41686,318,Tasty Dessert
I00081,Snack,50916,311,Tasty Bakso
I00082,Rice,55607,154,Tasty Snack
I00083,Rice,40655,296,Tasty Dessert
I00084,Seafood,37570,422,Tasty Bakso
I00085,Beverage,50601,480,Tasty Bakso
I00086,Beverage,19182,327,Tasty Bakso
I00087,Bakso,58116,460,Tasty Chicken
I00088,Noodles,49892,547,Tasty Chicken
I00089,Dessert,16002,393,Tasty Snack
I00090,Dessert,16027,483,Tasty Vegan
I00091,Beverage,76452,584,Tasty Coffee
I00092,Snack,113693,137,Tasty Dessert
I00093,Seafood,44720,98,Tasty Noodles
I00094,Seafood,113360,159,Tasty Seafood
I00095,Beverage,32963,179,Tasty Beverage
I00096,Chicken,23909,467,Tasty Noodles
I00097,Dessert,21182,505,Tasty Snack
I00098,Beverage,44870,87,Tasty Noodles
I00099,Noodles,44423,110,Tasty Chicken
I00100,Chicken,47518,429,Tasty Rice
I00101,Beverage,16949,81,Tasty Coffee
I00102,Dessert,33274,127,Tasty Chicken
I00103,Chicken,55525,382,Tasty Snack
I00104,Chicken,45972,540,Tasty Bakso
I00105,Coffee,21805,402,Tasty Coffee
I00106,Bakso,35332,168,Tasty Rice
I00107,Beverage,94401,343,Tasty Coffee
I00108,Chicken,17379,488,Tasty Bakso
I00109,Dessert,42331,226,Tasty Snack
I00110,Rice,58929,213,Tasty Chicken
I00111,Rice,38607,451,Tasty Snack
I00112,Rice,29132,490,Tasty Snack
I00113,Coffee,46550,282,Tasty Beverage
I00114,Chicken,48058,597,Tasty Snack
I00115,Chicken,76644,451,Tasty Rice
I00116,Noodles,29000,160,Tasty Rice
I00117,Chicken,55213,473,Tasty Rice
I00118,Snack,31008,167,Tasty Snack
I00119,Noodles,17548,422,Tasty Dessert
I00120,Chicken,40565,236,Tasty Seafood
I00121,Noodles,57114,343,Tasty Vegan
I00122,Dessert,141973,502,Tasty Seafood
I00123,Dessert,57431,567,Tasty Coffee
I00124,Seafood,145288,313,Tasty Snack
I00125,Vegan,76514,224,Tasty Beverage
I00126,Chicken,40300,270,Tasty Rice
I00127,Seafood,58362,358,Tasty Rice
I00128,Beverage,34982,536,Tasty Vegan
I00129,Rice,25615,410,Tasty Chicken
I00130,Snack,121000,550,Tasty Seafood
I00131,Rice,27826,264,Tasty Seafood
I00132,Seafood,19214,86,Tasty Beverage
I00133,Chicken,21709,424,Tasty Rice
I00134,Coffee,44796,88,Tasty Seafood
I00135,Seafood,54867,442,Tasty Noodles
I00136,Coffee,20529,251,Tasty Seafood
I00137,Noodles,69216,123,Tasty Seafood
I00138,Beverage,25047,374,Tasty Bakso
I00139,Noodles,49835,510,Tasty Snack
I00140,Snack,49619,273,Tasty Seafood
I00141,Seafood,26697,204,Tasty Seafood
I00142,Seafood,49809,217,Tasty Seafood
I00143,Rice,65778,186,Tasty Beverage
I00144,Dessert,71730,261,Tasty Noodles
I00145,Coffee,39681,302,Tasty Snack
I00146,Seafood,55298,263,Tasty Dessert
I00147,Beverage,53596,180,Tasty Chicken
I00148,Beverage,22833,301,Tasty Dessert
I00149,Chicken,47678,396,Tasty Bakso
I00150,Snack,25569,283,Tasty Dessert
I00151,Noodles,22002,560,Tasty Beverage
I00152,Chicken,29665,594,Tasty Coffee
I00153,Noodles,15268,87,Tasty Bakso
I00154,Dessert,125111,301,Tasty Snack
I00155,Coffee,48760,90,Tasty Snack
I00156,Rice,115533,407,Tasty Seafood
I00157,Bakso,46118,500,Tasty Bakso
I00158,Bakso,16143,100,Tasty Vegan
I00159,Beverage,39439,221,Tasty Chicken
I00160,Chicken,37150,129,Tasty Dessert
I00161,Beverage,21537,320,Tasty Rice
I00162,Chicken,51569,130,Tasty Rice
I00163,Noodles,40234,157,Tasty Beverage
I00164,Chicken,71336,124,Tasty Chicken
I00165,Rice,56116,486,Tasty Dessert
I00166,Beverage,37984,212,Tasty Coffee
I00167,Vegan,35807,350,Tasty Chicken
I00168,Coffee,29328,202,Tasty Bakso
I00169,Beverage,46195,390,Tasty Chicken
I00170,Beverage,50600,83,Tasty Beverage
I00171,Dessert,44871,287,Tasty Vegan
I00172,Coffee,30922,285,Tasty Dessert
I00173,Seafood,49926,140,Tasty Rice
I00174,Beverage,114771,379,Tasty Snack
I00175,Dessert,58151,292,Tasty Chicken
I00176,Beverage,60405,98,Tasty Chicken
I00177,Beverage,15390,92,Tasty Vegan
I00178,Coffee,57715,334,Tasty Bakso
I00179,Vegan,72024,143,Tasty Bakso
I00180,Noodles,31089,153,Tasty Dessert
I00181,Bakso,58886,379,Tasty Noodles
I00182,Beverage,35805,227,Tasty Dessert
I00183,Beverage,57806,142,Tasty Beverage
I00184,Bakso,34298,179,Tasty Noodles
I00185,Bakso,137154,411,Tasty Beverage
I00186,Noodles,40450,121,Tasty Bakso
I00187,Chicken,115332,104,Tasty Chicken
I00188,Rice,43424,112,Tasty Noodles
I00189,Seafood,42934,239,Tasty Chicken
I00190,Chicken,46045,564,Tasty Noodles
I00191,Chicken,145126,573,Tasty Bakso
I00192,Snack,50989,155,Tasty Chicken
I00193,Seafood,54145,358,Tasty Vegan
I00194,Beverage,26630,312,Tasty Vegan
I00195,Chicken,53444,475,Tasty Bakso
I00196,Snack,30868,342,Tasty Noodles
I00197,Chicken,86160,598,Tasty Seafood
I00198,Snack,54889,304,Tasty Bakso
I00199,Beverage,38266,239,Tasty Rice
I00200,Chicken,45272,582,Tasty Dessert
I00201,Vegan,31621,132,Tasty Rice
I00202,Chicken,29552,347,Tasty Bakso
I00203,Dessert,101407,575,Tasty Bakso
I00204,Seafood,84454,245,Tasty Beverage
I00205,Rice,44869,337,Tasty Noodles
I00206,Beverage,39143,334,Tasty Rice
I00207,Snack,15091,209,Tasty Snack
I00208,Vegan,19481,231,Tasty Noodles
I00209,Coffee,21395,413,Tasty Beverage
I00210,Vegan,35448,202,Tasty Chicken
I00211,Beverage,17423,206,Tasty Rice
I00212,Snack,58099,484,Tasty Seafood
I00213,Bakso,98201,448,Tasty Rice
I00214,Bakso,41669,257,Tasty Rice
I00215,Snack,26590,239,Tasty Dessert
I00216,Rice,55187,203,Tasty Snack
I00217,Rice,59695,338,Tasty Coffee
I00218,Chicken,16028,227,Tasty Vegan
I00219,Beverage,32029,598,Tasty Vegan
I00220,Rice,47973,168,Tasty Vegan
I00221,Rice,59672,570,Tasty Seafood
I00222,Rice,94073,251,Tasty Chicken
I00223,Beverage,25155,258,Tasty Vegan
I00224,Chicken,100099,155,Tasty Rice
I00225,Snack,115236,86,Tasty Snack
I00226,Coffee,59986,221,Tasty Rice
I00227,Noodles,43236,533,Tasty Chicken
I00228,Beverage,129038,245,Tasty Rice
I00229,Beverage,41624,315,Tasty Vegan
I00230,Beverage,36939,381,Tasty Snack
I00231,Rice,29531,518,Tasty Vegan
I00232,Rice,40795,308,Tasty Seafood
I00233,Rice,29598,582,Tasty Snack
I00234,Seafood,93742,526,Tasty Rice
I00235,Rice,62439,331,Tasty Snack
I00236,Beverage,46834,116,Tasty Seafood
I00237,Noodles,33307,83,Tasty Dessert
I00238,Beverage,59775,233,Tasty Bakso
I00239,Seafood,128057,93,Tasty Chicken
I00240,Snack,18173,267,Tasty Coffee
I00241,Beverage,33543,342,Tasty Chicken
I00242,Seafood,51045,320,Tasty Seafood
I00243,Coffee,147536,453,Tasty Vegan
I00244,Chicken,149313,462,Tasty Seafood
I00245,Dessert,22469,157,Tasty Rice
I00246,Bakso,26750,223,Tasty Chicken
I00247,Chicken,19140,239,Tasty Vegan
I00248,Beverage,44413,513,Tasty Seafood
I00249,Bakso,39232,86,Tasty Beverage
I00250,Noodles,29363,313,Tasty Rice
I00251,Rice,55600,172,Tasty Coffee
I00252,Coffee,120981,159,Tasty Dessert
I00253,Bakso,36901,411,Tasty Coffee
I00254,Chicken,28821,149,Tasty Seafood
I00255,Coffee,54481,542,Tasty Seafood
I00256,Beverage,22435,328,Tasty Dessert
I00257,Seafood,46260,563,Tasty Rice
I00258,Beverage,36440,106,Tasty Bakso
I00259,Beverage,31240,569,Tasty Rice
I00260,Snack,21039,313,Tasty Bakso
I00261,Noodles,132309,591,Tasty Dessert
I00262,Snack,56386,378,Tasty Coffee
I00263,Dessert,16398,129,Tasty Seafood
I00264,Rice,55411,146,Tasty Seafood
I00265,Chicken,131496,339,Tasty Noodles
I00266,Chicken,138223,107,Tasty Seafood
I00267,Vegan,69473,358,Tasty Beverage
I00268,Noodles,79890,513,Tasty Chicken
I00269,Rice,42515,199,Tasty Bakso
I00270,Snack,37088,170,Tasty Bakso
I00271,Vegan,44893,447,Tasty Beverage
I00272,Rice,48399,317,Tasty Dessert
I00273,Snack,45912,108,Tasty Beverage
I00274,Rice,30769,103,Tasty Snack
I00275,Seafood,27858,527,Tasty Vegan
I00276,Dessert,53650,255,Tasty Beverage
I00277,Bakso,42246,288,Tasty Bakso
I00278,Chicken,45629,283,Tasty Dessert
I00279,Chicken,25732,503,Tasty Rice
I00280,Snack,18920,409,Tasty Noodles
I00281,Noodles,21778,120,Tasty Seafood
I00282,Snack,74228,430,Tasty Chicken
I00283,Chicken,33398,182,Tasty Dessert
I00284,Noodles,52028,363,Tasty Dessert
I00285,Chicken,56403,270,Tasty Coffee
I00286,Chicken,59812,153,Tasty Seafood
I00287,Chicken,119728,159,Tasty Vegan
I00288,Chicken,24034,205,Tasty Coffee
I00289,Dessert,58475,498,Tasty Snack
I00290,Beverage,27548,263,Tasty Vegan
I00291,Chicken,43909,358,Tasty Rice
I00292,Seafood,132507,208,Tasty Vegan
I00293,Seafood,26487,357,Tasty Beverage
I00294,Chicken,26329,277,Tasty Noodles
I00295,Vegan,39009,101,Tasty Bakso
I00296,Coffee,35218,556,Tasty Beverage
I00297,Seafood,22803,243,Tasty Rice
I00298,Seafood,52690,252,Tasty Dessert
I00299,Snack,30050,470,Tasty Bakso
I00300,Chicken,19471,377,Tasty Noodles
I00301,Rice,82719,440,Tasty Seafood
I00302,Rice,57803,322,Tasty Noodles
I00303,Snack,144511,103,Tasty Bakso
I00304,Noodles,45803,377,Tasty Rice
I00305,Dessert,44876,130,Tasty Dessert
I00306,Vegan,39519,328,Tasty Noodles
I00307,Beverage,116857,465,Tasty Snack
I00308,Chicken,29469,563,Tasty Dessert
I00309,Vegan,52103,130,Tasty Vegan
I00310,Rice,22254,250,Tasty Snack
I00311,Coffee,15759,519,Tasty Bakso
I00312,Seafood,42930,117,Tasty Coffee
I00313,Coffee,18685,248,Tasty Snack
I00314,Rice,59747,442,Tasty Vegan
I00315,Dessert,25674,395,Tasty Seafood
I00316,Snack,40355,357,Tasty Snack
I00317,Dessert,47936,202,Tasty Seafood
I00318,Noodles,15388,490,Tasty Rice
I00319,Chicken,23031,106,Tasty Vegan
I00320,Snack,31988,238,Tasty Bakso
I00321,Snack,18411,386,Tasty Rice
I00322,Coffee,51223,587,Tasty Snack
I00323,Snack,34458,375,Tasty Coffee
I00324,Snack,42666,433,Tasty Chicken
I00325,Beverage,25213,380,Tasty Beverage
I00326,Beverage,128943,319,Tasty Snack
I00327,Rice,48323,173,Tasty Snack
I00328,Vegan,32441,222,Tasty Seafood
I00329,Chicken,40464,441,Tasty Rice
I00330,Vegan,105530,419,Tasty Snack
I00331,Snack,42160,475,Tasty Bakso
I00332,Chicken,97102,364,Tasty Snack
I00333,Coffee,39121,86,Tasty Snack
I00334,Noodles,43719,511,Tasty Beverage
I00335,Chicken,94490,446,Tasty Beverage
I00336,Bakso,29823,505,Tasty Vegan
I00337,Vegan,21339,560,Tasty Chicken
I00338,Snack,53855,526,Tasty Bakso
I00339,Dessert,121262,485,Tasty Snack
I00340,Noodles,35226,395,Tasty Seafood
I00341,Vegan,24487,360,Tasty Vegan
I00342,Chicken,58891,214,Tasty Dessert
I00343,Rice,42020,110,Tasty Bakso
I00344,Rice,19048,247,Tasty Dessert
I00345,Noodles,34794,262,Tasty Coffee
I00346,Rice,56983,134,Tasty Chicken
I00347,Coffee,77806,177,Tasty Coffee
I00348,Noodles,57175,296,Tasty Chicken
I00349,Chicken,48442,304,Tasty Dessert
I00350,Snack,84468,191,Tasty Seafood
I00351,Beverage,53278,282,Tasty Coffee
I00352,Chicken,27495,585,Tasty Rice
I00353,Coffee,17412,493,Tasty Seafood
I00354,Chicken,52943,484,Tasty Seafood
I00355,Chicken,26414,253,Tasty Beverage
I00356,Seafood,25027,94,Tasty Snack
I00357,Beverage,83033,483,Tasty Snack
I00358,Coffee,46316,231,Tasty Bakso
I00359,Beverage,29325,256,Tasty Rice
I00360,Beverage,15880,425,Tasty Bakso
I00361,Dessert,45980,165,Tasty Chicken
I00362,Chicken,44661,591,Tasty Chicken
I00363,Noodles,51316,233,Tasty Vegan
I00364,Bakso,37566,169,Tasty Noodles
I00365,Dessert,57117,389,Tasty Rice
I00366,Snack,53302,115,Tasty Coffee
I00367,Vegan,107324,419,Tasty Dessert
I00368,Coffee,103549,317,Tasty Noodles
I00369,Vegan,104137,474,Tasty Seafood
I00370,Chicken,80274,205,Tasty Snack
I00371,Snack,27099,321,Tasty Rice
I00372,Chicken,28624,118,Tasty Chicken
I00373,Vegan,38983,148,Tasty Snack
I00374,Chicken,15754,588,Tasty Bakso
I00375,Chicken,86035,324,Tasty Rice
I00376,Dessert,15471,86,Tasty Beverage
I00377,Noodles,74865,352,Tasty Chicken
I00378,Snack,18848,480,Tasty Snack
I00379,Snack,58197,116,Tasty Seafood
I00380,Chicken,18836,320,Tasty Coffee
I00381,Noodles,28982,596,Tasty Dessert
I00382,Beverage,21484,450,Tasty Seafood
I00383,Bakso,23767,440,Tasty Bakso
I00384,Dessert,25503,524,Tasty Vegan
I00385,Noodles,57442,374,Tasty Chicken
I00386,Chicken,36916,497,Tasty Chicken
I00387,Coffee,41930,118,Tasty Vegan
I00388,Rice,17549,246,Tasty Chicken
I00389,Snack,54007,320,Tasty Bakso
I00390,Chicken,26026,540,Tasty Seafood
I00391,Coffee,50542,251,Tasty Bakso
I00392,Coffee,28019,520,Tasty Bakso
I00393,Chicken,21090,190,Tasty Seafood
I00394,Rice,114377,297,Tasty Seafood
I00395,Bakso,38878,593,Tasty Beverage
I00396,Coffee,29600,330,Tasty Seafood
I00397,Bakso,34139,264,Tasty Vegan
I00398,Beverage,40197,204,Tasty Coffee
I00399,Coffee,21331,530,Tasty Beverage
I00400,Chicken,32881,387,Tasty Noodles
I00401,Snack,130291,160,Tasty Bakso
I00402,Coffee,35419,352,Tasty Chicken
I00403,Snack,72917,299,Tasty Noodles
I00404,Noodles,18021,380,Tasty Snack
I00405,Beverage,32324,198,Tasty Dessert
I00406,Coffee,44255,88,Tasty Noodles
I00407,Rice,44856,538,Tasty Coffee
I00408,Beverage,22756,590,Tasty Beverage
I00409,Chicken,32917,558,Tasty Rice
I00410,Snack,66881,400,Tasty Coffee
I00411,Beverage,31683,389,Tasty Bakso
I00412,Chicken,39141,370,Tasty Noodles
I00413,Beverage,21072,308,Tasty Snack
I00414,Chicken,47638,465,Tasty Vegan
I00415,Bakso,25317,262,Tasty Dessert
I00416,Vegan,35379,405,Tasty Vegan
I00417,Beverage,59913,230,Tasty Seafood
I00418,Chicken,20582,294,Tasty Noodles
I00419,Beverage,46775,409,Tasty Chicken
I00420,Bakso,16292,258,Tasty Coffee
I00421,Beverage,59362,332,Tasty Rice
I00422,Chicken,32716,346,Tasty Vegan
I00423,Vegan,88185,340,Tasty Beverage
I00424,Beverage,15225,356,Tasty Dessert
I00425,Beverage,35910,576,Tasty Rice
I00426,Rice,46383,271,Tasty Bakso
I00427,Coffee,51530,450,Tasty Bakso
I00428,Beverage,130387,173,Tasty Seafood
I00429,Beverage,115647,299,Tasty Vegan
I00430,Snack,22719,210,Tasty Bakso
I00431,Rice,40147,452,Tasty Chicken
I00432,Chicken,35184,505,Tasty Vegan
I00433,Dessert,36958,202,Tasty Bakso
I00434,Noodles,48581,250,Tasty Chicken
I00435,Beverage,20468,102,Tasty Beverage
I00436,Beverage,53649,248,Tasty Beverage
I00437,Rice,55141,548,Tasty Bakso
I00438,Rice,26852,458,Tasty Noodles
I00439,Dessert,55748,177,Tasty Bakso
I00440,Vegan,80596,245,Tasty Bakso
I00441,Coffee,22276,241,Tasty Snack
I00442,Beverage,126567,152,Tasty Noodles
I00443,Beverage,63733,510,Tasty Vegan
I00444,Noodles,90170,181,Tasty Snack
I00445,Noodles,52330,183,Tasty Bakso
I00446,Noodles,42868,147,Tasty Snack
I00447,Beverage,115812,264,Tasty Dessert
I00448,Bakso,95951,143,Tasty Coffee
I00449,Beverage,46108,430,Tasty Chicken
I00450,Chicken,55048,569,Tasty Coffee
I00451,Coffee,49334,583,Tasty Bakso
I00452,Rice,51380,592,Tasty Coffee
I00453,Chicken,16820,391,Tasty Seafood
I00454,Beverage,56952,293,Tasty Bakso
I00455,Coffee,55808,104,Tasty Dessert
I00456,Coffee,58565,330,Tasty Rice
I00457,Coffee,41477,82,Tasty Bakso
I00458,Snack,54928,480,Tasty Beverage
I00459,Snack,52452,221,Tasty Beverage
I00460,Snack,86152,588,Tasty Bakso
I00461,Seafood,33356,455,Tasty Chicken
I00462,Noodles,30228,247,Tasty Vegan
I00463,Chicken,90782,132,Tasty Snack
I00464,Snack,79395,259,Tasty Coffee
I00465,Bakso,47896,425,Tasty Rice
I00466,Snack,18471,204,Tasty Seafood
I00467,Vegan,36027,93,Tasty Beverage
I00468,Coffee,43116,521,Tasty Snack
I00469,Dessert,97450,342,Tasty Seafood
I00470,Chicken,40304,372,Tasty Bakso
I00471,Coffee,147952,379,Tasty Vegan
I00472,Coffee,115806,361,Tasty Snack
I00473,Snack,56044,343,Tasty Rice
I00474,Chicken,23019,286,Tasty Coffee
I00475,Snack,124508,167,Tasty Rice
I00476,Noodles,34471,251,Tasty Beverage
I00477,Beverage,19987,189,Tasty Noodles
I00478,Chicken,49033,365,Tasty Vegan
I00479,Dessert,39485,556,Tasty Rice
I00480,Noodles,58569,587,Tasty Rice
I00481,Bakso,132813,114,Tasty Snack
I00482,Noodles,86743,522,Tasty Dessert
I00483,Vegan,49610,145,Tasty Dessert
I00484,Snack,29769,375,Tasty Rice
I00485,Rice,110430,449,Tasty Snack
I00486,Chicken,32793,359,Tasty Seafood
I00487,Dessert,36480,91,Tasty Chicken
I00488,Chicken,122152,382,Tasty Dessert
I00489,Seafood,121754,317,Tasty Vegan
I00490,Snack,45758,222,Tasty Vegan
I00491,Chicken,121089,182,Tasty Chicken
I00492,Bakso,25867,417,Tasty Rice
I00493,Dessert,68937,297,Tasty Coffee
I00494,Chicken,44851,382,Tasty Coffee
I00495,Snack,17869,477,Tasty Bakso
I00496,Beverage,35248,108,Tasty Dessert
I00497,Rice,52580,320,Tasty Snack
I00498,Vegan,38350,314,Tasty Rice
I00499,Chicken,29281,123,Tasty Seafood
I00500,Beverage,52539,238,Tasty Beverage
I00501,Noodles,28404,509,Tasty Bakso
I00502,Noodles,88653,360,Tasty Seafood
I00503,Bakso,61085,567,Tasty Chicken
I00504,Noodles,16927,281,Tasty Beverage
I00505,Chicken,41091,479,Tasty Rice
I00506,Chicken,20652,142,Tasty Dessert
I00507,Chicken,25144,471,Tasty Chicken
I00508,Dessert,42820,488,Tasty Seafood
I00509,Snack,29069,264,Tasty Noodles
I00510,Chicken,138855,491,Tasty Noodles
I00511,Rice,40188,273,Tasty Coffee
I00512,Noodles,75600,202,Tasty Dessert
I00513,Beverage,33603,253,Tasty Beverage
I00514,Bakso,35530,405,Tasty Seafood
I00515,Bakso,98594,93,Tasty Rice
I00516,Dessert,57208,483,Tasty Seafood
I00517,Seafood,129991,203,Tasty Vegan
I00518,Coffee,37132,575,Tasty Chicken
I00519,Rice,50154,485,Tasty Bakso
I00520,Rice,53416,434,Tasty Rice
I00521,Beverage,113493,418,Tasty Coffee
I00522,Rice,43973,376,Tasty Beverage
I00523,Beverage,35169,506,Tasty Dessert
I00524,Rice,56695,106,Tasty Dessert
I00525,Seafood,41876,464,Tasty Seafood
I00526,Snack,28904,283,Tasty Seafood
I00527,Bakso,144580,381,Tasty Snack
I00528,Coffee,39860,324,Tasty Chicken
I00529,Bakso,17687,160,Tasty Dessert
I00530,Vegan,44297,488,Tasty Seafood
I00531,Bakso,27778,528,Tasty Coffee
I00532,Dessert,36675,589,Tasty Noodles
I00533,Beverage,23601,88,Tasty Noodles
I00534,Bakso,41853,150,Tasty Dessert
I00535,Bakso,85082,279,Tasty Seafood
I00536,Noodles,18637,504,Tasty Snack
I00537,Noodles,54969,455,Tasty Rice
I00538,Rice,56242,97,Tasty Coffee
I00539,Noodles,39286,254,Tasty Rice
I00540,Beverage,16705,243,Tasty Coffee
I00541,Vegan,45308,500,Tasty Beverage
I00542,Bakso,17522,477,Tasty Bakso
I00543,Beverage,49068,578,Tasty Coffee
I00544,Chicken,18024,253,Tasty Noodles
I00545,Chicken,16643,388,Tasty Snack
I00546,Rice,32337,466,Tasty Beverage
I00547,Beverage,131523,126,Tasty Chicken
I00548,Noodles,73074,363,Tasty Noodles
I00549,Beverage,38255,194,Tasty Rice
I00550,Coffee,22127,238,Tasty Rice
I00551,Noodles,104144,176,Tasty Dessert
I00552,Chicken,31911,492,Tasty Chicken
I00553,Rice,101801,496,Tasty Beverage
I00554,Chicken,27247,317,Tasty Dessert
I00555,Rice,19120,361,Tasty Bakso
I00556,Coffee,45556,227,Tasty Beverage
I00557,Chicken,45078,405,Tasty Chicken
I00558,Seafood,87529,362,Tasty Noodles
I00559,Coffee,47130,158,Tasty Seafood
I00560,Vegan,39655,98,Tasty Dessert
I00561,Snack,63040,576,Tasty Seafood
I00562,Coffee,16307,317,Tasty Coffee
I00563,Vegan,53547,531,Tasty Noodles
I00564,Snack,44092,467,Tasty Rice
I00565,Coffee,23013,402,Tasty Coffee
I00566,Snack,28713,113,Tasty Seafood
I00567,Vegan,97138,520,Tasty Vegan
I00568,Dessert,60371,252,Tasty Seafood
I00569,Vegan,39529,316,Tasty Rice
I00570,Noodles,45033,240,Tasty Snack
I00571,Chicken,133829,495,Tasty Noodles
I00572,Dessert,120774,169,Tasty Chicken
I00573,Rice,107774,551,Tasty Bakso
I00574,Coffee,22102,274,Tasty Dessert
I00575,Coffee,21516,484,Tasty Noodles
I00576,Dessert,41442,334,Tasty Dessert
I00577,Rice,31285,497,Tasty Snack
I00578,Chicken,134397,394,Tasty Snack
I00579,Snack,66305,144,Tasty Seafood
I00580,Coffee,62623,191,Tasty Seafood
I00581,Coffee,52995,158,Tasty Seafood
I00582,Beverage,72345,530,Tasty Dessert
I00583,Rice,127166,543,Tasty Chicken
I00584,Seafood,54863,444,Tasty Noodles
I00585,Rice,34168,251,Tasty Dessert
I00586,Coffee,15165,325,Tasty Beverage
I00587,Snack,32765,576,Tasty Seafood
I00588,Dessert,51185,425,Tasty Snack
I00589,Beverage,37697,201,Tasty Seafood
I00590,Beverage,22737,483,Tasty Dessert
I00591,Snack,29730,567,Tasty Dessert
I00592,Rice,42834,315,Tasty Beverage
I00593,Bakso,58342,495,Tasty Vegan
I00594,Beverage,46418,589,Tasty Snack
I00595,Rice,87126,463,Tasty Chicken
I00596,Dessert,49012,443,Tasty Noodles
I00597,Snack,45155,439,Tasty Vegan
I00598,Snack,57661,370,Tasty Seafood
I00599,Coffee,27098,191,Tasty Coffee
I00600,Chicken,75033,552,Tasty Chicken
I00601,Coffee,33697,387,Tasty Beverage
I00602,Rice,38352,430,Tasty Coffee
I00603,Chicken,53741,426,Tasty Dessert
I00604,Beverage,51110,572,Tasty Chicken
I00605,Dessert,40411,337,Tasty Chicken
I00606,Snack,122777,515,Tasty Chicken
I00607,Chicken,116780,560,Tasty Rice
I00608,Dessert,45567,126,Tasty Noodles
I00609,Seafood,28712,434,Tasty Dessert
I00610,Coffee,19669,80,Tasty Beverage
I00611,Chicken,24354,340,Tasty Vegan
I00612,Chicken,19863,348,Tasty Chicken
I00613,Bakso,128385,374,Tasty Bakso
I00614,Snack,47837,520,Tasty Rice
I00615,Beverage,107719,260,Tasty Beverage
I00616,Rice,40851,376,Tasty Noodles
I00617,Snack,52319,251,Tasty Vegan
I00618,Noodles,94110,164,Tasty Seafood
I00619,Noodles,18785,269,Tasty Beverage
I00620,Snack,40290,90,Tasty Noodles
I00621,Seafood,31285,548,Tasty Bakso
I00622,Snack,32762,504,Tasty Dessert
I00623,Chicken,89629,92,Tasty Chicken
I00624,Seafood,24563,126,Tasty Dessert
I00625,Dessert,99331,586,Tasty Dessert
I00626,Beverage,26069,484,Tasty Beverage
I00627,Bakso,16257,474,Tasty Beverage
I00628,Rice,35928,145,Tasty Vegan
I00629,Beverage,27155,244,Tasty Rice
I00630,Dessert,24693,317,Tasty Seafood
I00631,Chicken,86920,419,Tasty Vegan
I00632,Chicken,43400,132,Tasty Vegan
I00633,Noodles,28460,568,Tasty Seafood
I00634,Coffee,32272,455,Tasty Vegan
I00635,Dessert,57247,175,Tasty Rice
I00636,Chicken,41187,469,Tasty Beverage
I00637,Noodles,27507,588,Tasty Noodles
I00638,Noodles,67230,523,Tasty Noodles
I00639,Coffee,55505,351,Tasty Vegan
I00640,Seafood,32354,153,Tasty Beverage
I00641,Chicken,27493,411,Tasty Snack
I00642,Coffee,85698,515,Tasty Noodles
I00643,Vegan,54332,186,Tasty Noodles
I00644,Coffee,26642,509,Tasty Beverage
I00645,Beverage,19112,376,Tasty Bakso
I00646,Dessert,51879,202,Tasty Seafood
I00647,Coffee,51039,563,Tasty Noodles
I00648,Chicken,27633,216,Tasty Vegan
I00649,Rice,45646,591,Tasty Noodles
I00650,Coffee,41910,587,Tasty Beverage
I00651,Chicken,57053,310,Tasty Beverage
I00652,Chicken,53812,481,Tasty Chicken
I00653,Chicken,48855,552,Tasty Snack
I00654,Dessert,48229,168,Tasty Beverage
I00655,Chicken,49774,191,Tasty Noodles
I00656,Vegan,43869,355,Tasty Coffee
I00657,Coffee,42053,130,Tasty Dessert
I00658,Bakso,33958,128,Tasty Chicken
I00659,Rice,17703,311,Tasty Vegan
I00660,Chicken,43727,360,Tasty Snack
I00661,Seafood,69175,133,Tasty Seafood
I00662,Noodles,33771,161,Tasty Seafood
I00663,Seafood,35927,285,Tasty Snack
I00664,Seafood,16086,105,Tasty Vegan
I00665,Chicken,47290,303,Tasty Bakso
I00666,Chicken,24435,251,Tasty Rice
I00667,Chicken,57266,514,Tasty Bakso
I00668,Noodles,78330,452,Tasty Bakso
I00669,Beverage,88556,409,Tasty Snack
I00670,Coffee,18372,386,Tasty Rice
I00671,Beverage,25178,190,Tasty Coffee
I00672,Seafood,43935,278,Tasty Seafood
I00673,Chicken,38681,536,Tasty Bakso
I00674,Beverage,142515,462,Tasty Noodles
I00675,Seafood,37642,237,Tasty Vegan
I00676,Chicken,58160,267,Tasty Noodles
I00677,Chicken,24165,144,Tasty Vegan
I00678,Coffee,78014,216,Tasty Coffee
I00679,Seafood,107699,295,Tasty Coffee
I00680,Snack,66091,421,Tasty Beverage
I00681,Coffee,95055,126,Tasty Vegan
I00682,Beverage,50111,260,Tasty Coffee
I00683,Seafood,148604,272,Tasty Noodles
I00684,Chicken,117511,194,Tasty Coffee
I00685,Snack,49548,317,Tasty Vegan
I00686,Snack,44558,243,Tasty Noodles
I00687,Seafood,40538,523,Tasty Noodles
I00688,Noodles,42075,249,Tasty Seafood
I00689,Beverage,15822,220,Tasty Beverage
I00690,Noodles,68278,575,Tasty Seafood
I00691,Noodles,27215,449,Tasty Noodles
I00692,Chicken,56846,460,Tasty Chicken
I00693,Bakso,50293,251,Tasty Dessert
I00694,Rice,55679,430,Tasty Noodles
I00695,Vegan,24709,319,Tasty Rice
I00696,Vegan,80832,124,Tasty Rice
I00697,Noodles,88662,521,Tasty Dessert
I00698,Rice,47159,576,Tasty Coffee
I00699,Rice,48879,455,Tasty Noodles
I00700,Seafood,38444,115,Tasty Coffee
I00701,Chicken,31473,181,Tasty Noodles
I00702,Bakso,24559,362,Tasty Seafood
I00703,Chicken,44137,277,Tasty Chicken
I00704,Rice,17358,571,Tasty Rice
I00705,Snack,47733,366,Tasty Bakso
I00706,Bakso,40076,467,Tasty Seafood
I00707,Snack,54785,295,Tasty Rice
I00708,Snack,28756,169,Tasty Seafood
I00709,Chicken,33257,189,Tasty Vegan
I00710,Rice,44953,319,Tasty Vegan
I00711,Rice,50365,330,Tasty Bakso
I00712,Vegan,39391,498,Tasty Chicken
I00713,Beverage,36476,487,Tasty Bakso
I00714,Seafood,148335,170,Tasty Dessert
I00715,Snack,20673,102,Tasty Dessert
I00716,Beverage,26476,502,Tasty Dessert
I00717,Seafood,25443,278,Tasty Noodles
I00718,Rice,52151,171,Tasty Snack
I00719,Rice,122575,281,Tasty Dessert
I00720,Coffee,45593,562,Tasty Snack
I00721,Rice,140062,597,Tasty Vegan
I00722,Beverage,25433,213,Tasty Vegan
I00723,Coffee,52603,447,Tasty Seafood
I00724,Vegan,42403,545,Tasty Dessert
I00725,Chicken,15168,551,Tasty Noodles
I00726,Bakso,21285,257,Tasty Noodles
I00727,Coffee,35464,336,Tasty Chicken
I00728,Noodles,92770,401,Tasty Vegan
I00729,Snack,58386,427,Tasty Coffee
I00730,Chicken,82193,246,Tasty Vegan
I00731,Chicken,88514,306,Tasty Seafood
I00732,Beverage,55480,129,Tasty Seafood
I00733,Chicken,51686,580,Tasty Beverage
I00734,Beverage,43485,589,Tasty Noodles
I00735,Seafood,47182,287,Tasty Noodles
I00736,Noodles,31507,151,Tasty Bakso
I00737,Seafood,15474,334,Tasty Seafood
I00738,Vegan,42367,585,Tasty Coffee
I00739,Seafood,44177,537,Tasty Coffee
I00740,Seafood,81114,144,Tasty Beverage
I00741,Chicken,57546,454,Tasty Chicken
I00742,Rice,57784,549,Tasty Coffee
I00743,Dessert,38607,108,Tasty Rice
I00744,Rice,42744,480,Tasty Seafood
I00745,Bakso,33851,525,Tasty Noodles
I00746,Seafood,53915,503,Tasty Snack
I00747,Chicken,59563,143,Tasty Seafood
I00748,Rice,20339,343,Tasty Dessert
I00749,Chicken,40856,473,Tasty Dessert
I00750,Vegan,48833,356,Tasty Noodles
I00751,Vegan,117858,146,Tasty Vegan
I00752,Seafood,37624,594,Tasty Bakso
I00753,Coffee,18302,421,Tasty Chicken
I00754,Chicken,54145,497,Tasty Beverage
I00755,Noodles,94619,328,Tasty Snack
I00756,Vegan,65051,208,Tasty Snack
I00757,Coffee,27494,596,Tasty Seafood
I00758,Dessert,28742,488,Tasty Dessert
I00759,Chicken,53658,462,Tasty Dessert
I00760,Rice,20389,433,Tasty Vegan
I00761,Vegan,31113,431,Tasty Rice
I00762,Coffee,52177,593,Tasty Dessert
I00763,Snack,31666,578,Tasty Noodles
I00764,Snack,48435,571,Tasty Coffee
I00765,Noodles,35219,550,Tasty Coffee
I00766,Coffee,29437,316,Tasty Snack
I00767,Beverage,85260,306,Tasty Vegan
I00768,Bakso,34424,141,Tasty Coffee
I00769,Beverage,56781,121,Tasty Noodles
I00770,Rice,56588,591,Tasty Bakso
I00771,Coffee,66960,313,Tasty Seafood
I00772,Bakso,21932,272,Tasty Seafood
I00773,Rice,58716,218,Tasty Noodles
I00774,Bakso,41343,306,Tasty Bakso
I00775,Snack,47635,563,Tasty Noodles
I00776,Rice,40636,597,Tasty Beverage
I00777,Snack,26648,271,Tasty Snack
I00778,Chicken,79895,309,Tasty Bakso
I00779,Rice,36251,219,Tasty Coffee
I00780,Chicken,53009,181,Tasty Seafood
I00781,Chicken,22710,327,Tasty Seafood
I00782,Snack,58391,301,Tasty Bakso
I00783,Seafood,28963,538,Tasty Beverage
I00784,Chicken,41010,103,Tasty Seafood
I00785,Rice,50939,142,Tasty Vegan
I00786,Seafood,51839,264,Tasty Beverage
I00787,Snack,15203,193,Tasty Noodles
I00788,Snack,69733,249,Tasty Rice
I00789,Chicken,53847,140,Tasty Bakso
I00790,Snack,37756,179,Tasty Beverage
I00791,Seafood,63399,281,Tasty Seafood
I00792,Seafood,23953,270,Tasty Coffee
I00793,Chicken,133794,497,Tasty Chicken
I00794,Snack,56050,301,Tasty Seafood
I00795,Vegan,24943,492,Tasty Beverage
I00796,Rice,40104,497,Tasty Snack
I00797,Chicken,43337,477,Tasty Rice
I00798,Rice,31508,476,Tasty Rice
I00799,Seafood,17792,264,Tasty Chicken
I00800,Dessert,54118,487,Tasty Beverage
I00801,Beverage,127320,265,Tasty Snack
I00802,Coffee,16599,137,Tasty Vegan
I00803,Snack,20959,371,Tasty Vegan
I00804,Coffee,31233,91,Tasty Chicken
I00805,Chicken,26424,388,Tasty Rice
I00806,Seafood,138817,204,Tasty Noodles
I00807,Noodles,30406,530,Tasty Dessert
I00808,Coffee,36715,592,Tasty Rice
I00809,Coffee,28420,185,Tasty Chicken
I00810,Vegan,29720,438,Tasty Bakso
I00811,Beverage,44936,385,Tasty Chicken
I00812,Rice,38404,165,Tasty Vegan
I00813,Chicken,112089,214,Tasty Snack
I00814,Vegan,137300,546,Tasty Dessert
I00815,Chicken,41373,593,Tasty Dessert
I00816,Chicken,47257,195,Tasty Coffee
I00817,Rice,34993,169,Tasty Seafood
I00818,Noodles,39051,187,Tasty Vegan
I00819,Noodles,104607,377,Tasty Beverage
I00820,Snack,64963,419,Tasty Bakso
I00821,Coffee,88090,262,Tasty Seafood
I00822,Rice,80052,462,Tasty Beverage
I00823,Noodles,29553,541,Tasty Noodles
I00824,Beverage,56443,390,Tasty Seafood
I00825,Bakso,41693,353,Tasty Snack
I00826,Noodles,57582,89,Tasty Snack
I00827,Coffee,44738,126,Tasty Chicken
I00828,Vegan,29533,592,Tasty Vegan
I00829,Beverage,56279,194,Tasty Noodles
I00830,Chicken,55352,584,Tasty Snack
I00831,Coffee,56601,239,Tasty Bakso
I00832,Bakso,33742,377,Tasty Rice
I00833,Noodles,44541,450,Tasty Beverage
I00834,Chicken,24214,300,Tasty Coffee
I00835,Rice,53116,512,Tasty Beverage
I00836,Coffee,33424,566,Tasty Rice
I00837,Chicken,29147,430,Tasty Bakso
I00838,Chicken,29807,452,Tasty Vegan
I00839,Chicken,58679,341,Tasty Bakso
I00840,Chicken,110501,543,Tasty Seafood
I00841,Coffee,31611,173,Tasty Rice
I00842,Coffee,94737,136,Tasty Beverage
I00843,Chicken,34362,158,Tasty Snack
I00844,Bakso,98692,205,Tasty Noodles
I00845,Bakso,43991,322,Tasty Vegan
I00846,Vegan,91848,562,Tasty Dessert
I00847,Snack,58428,593,Tasty Vegan
I00848,Dessert,26412,203,Tasty Noodles
I00849,Snack,53636,575,Tasty Chicken
I00850,Noodles,21345,337,Tasty Noodles
I00851,Chicken,47607,341,Tasty Coffee
I00852,Beverage,19833,137,Tasty Beverage
I00853,Chicken,36534,405,Tasty Coffee
I00854,Coffee,31998,131,Tasty Coffee
I00855,Chicken,52046,384,Tasty Beverage
I00856,Chicken,111489,136,Tasty Dessert
I00857,Noodles,28558,496,Tasty Bakso
I00858,Vegan,30412,307,Tasty Beverage
I00859,Bakso,32230,496,Tasty Vegan
I00860,Noodles,57413,556,Tasty Seafood
I00861,Beverage,18778,553,Tasty Seafood
I00862,Snack,33331,296,Tasty Bakso
I00863,Noodles,16638,316,Tasty Dessert
I00864,Noodles,37499,163,Tasty Dessert
I00865,Dessert,42398,453,Tasty Beverage
I00866,Rice,138341,477,Tasty Noodles
I00867,Bakso,76942,216,Tasty Snack
I00868,Dessert,34340,99,Tasty Dessert
I00869,Coffee,27870,365,Tasty Vegan
I00870,Noodles,32096,475,Tasty Noodles
I00871,Noodles,32419,577,Tasty Bakso
I00872,Chicken,46344,125,Tasty Beverage
I00873,Coffee,79866,315,Tasty Seafood
I00874,Snack,50260,356,Tasty Bakso
I00875,Chicken,25915,491,Tasty Seafood
I00876,Coffee,84370,180,Tasty Vegan
I00877,Chicken,46987,580,Tasty Noodles
I00878,Beverage,27499,146,Tasty Vegan
I00879,Chicken,23133,571,Tasty Snack
I00880,Coffee,90799,498,Tasty Beverage
I00881,Noodles,21297,416,Tasty Vegan
I00882,Beverage,47428,268,Tasty Snack
I00883,Beverage,31380,241,Tasty Dessert
I00884,Vegan,39653,526,Tasty Chicken
I00885,Seafood,58667,345,Tasty Snack
I00886,Noodles,22580,494,Tasty Dessert
I00887,Coffee,51124,199,Tasty Bakso
I00888,Rice,57946,344,Tasty Snack
I00889,Coffee,45396,329,Tasty Vegan
I00890,Seafood,64985,146,Tasty Snack
I00891,Seafood,42732,379,Tasty Chicken
I00892,Bakso,22042,279,Tasty Chicken
I00893,Coffee,20473,370,Tasty Bakso
I00894,Rice,46114,201,Tasty Chicken
I00895,Bakso,22826,220,Tasty Seafood
I00896,Rice,22028,379,Tasty Coffee
I00897,Vegan,28284,249,Tasty Chicken
I00898,Rice,48454,216,Tasty Chicken
I00899,Rice,15228,316,Tasty Beverage
I00900,Coffee,74792,177,Tasty Noodles
